{
    "_allocate_inputs": 0,
    "_allocate_outputs": 0,
    "cli_parameters": "generate --name digit_recognition_model -m C:/Users/User/Documents/UTM Master/Study/Sem1/MKEL1123-ADVANCED MICROPROCESSOR SYSTEM/Program/Digit_recognition.tflite --type tflite --compression 1 --verbosity 1 --workspace C:\\Users\\User\\AppData\\Local\\Temp\\mxAI_workspace189935219409009049911862364022389 --output C:\\Users\\User\\.stm32cubemx",
    "cli_version": {
        "major": 1,
        "micro": 1,
        "minor": 4
    },
    "cli_version_str": "1.4.1",
    "compression": {
        "factor": null,
        "layers": {}
    },
    "date_time": "Fri May 14 09:35:19 2021",
    "error": 0,
    "error_str": [],
    "exec_cmd": "generate",
    "exec_duration": 0.0,
    "hash": "3f627d591177fb324adea71a587c0f33",
    "inputs": [
        "flatten_input"
    ],
    "layers": [
        {
            "extras": {
                "n_macc": 0,
                "n_params": 0,
                "psize": 0,
                "rom_output": {
                    "c_size": 3136,
                    "fmt": {
                        "format": "float"
                    },
                    "shape": [
                        28,
                        1,
                        28,
                        1
                    ]
                },
                "rom_size": 0
            },
            "id": 0,
            "inputs": [],
            "name": "flatten_input",
            "type": "Input"
        },
        {
            "extras": {
                "n_macc": 0,
                "n_params": 0,
                "psize": 0,
                "rom_size": 0
            },
            "id": 0,
            "inputs": [
                "flatten_input"
            ],
            "name": "reshape_0",
            "type": "Reshape"
        },
        {
            "extras": {
                "n_macc": 100480,
                "n_params": 100480,
                "psize": 401920,
                "rom_output": {
                    "c_size": 512,
                    "fmt": {
                        "format": "float"
                    },
                    "shape": [
                        1,
                        1,
                        128,
                        1
                    ]
                },
                "rom_size": 401920
            },
            "id": 1,
            "inputs": [
                "reshape_0"
            ],
            "name": "dense_1",
            "type": "Dense"
        },
        {
            "extras": {
                "n_macc": 128,
                "n_params": 0,
                "psize": 0,
                "rom_output": {
                    "c_size": 512,
                    "fmt": {
                        "format": "float"
                    },
                    "shape": [
                        1,
                        1,
                        128,
                        1
                    ]
                },
                "rom_size": 0
            },
            "id": 1,
            "inputs": [
                "dense_1"
            ],
            "name": "nl_1_nl",
            "type": "Nonlinearity"
        },
        {
            "extras": {
                "n_macc": 16512,
                "n_params": 16512,
                "psize": 66048,
                "rom_output": {
                    "c_size": 512,
                    "fmt": {
                        "format": "float"
                    },
                    "shape": [
                        1,
                        1,
                        128,
                        1
                    ]
                },
                "rom_size": 66048
            },
            "id": 2,
            "inputs": [
                "nl_1_nl"
            ],
            "name": "dense_2",
            "type": "Dense"
        },
        {
            "extras": {
                "n_macc": 128,
                "n_params": 0,
                "psize": 0,
                "rom_output": {
                    "c_size": 512,
                    "fmt": {
                        "format": "float"
                    },
                    "shape": [
                        1,
                        1,
                        128,
                        1
                    ]
                },
                "rom_size": 0
            },
            "id": 2,
            "inputs": [
                "dense_2"
            ],
            "name": "nl_2_nl",
            "type": "Nonlinearity"
        },
        {
            "extras": {
                "n_macc": 1290,
                "n_params": 1290,
                "psize": 5160,
                "rom_output": {
                    "c_size": 40,
                    "fmt": {
                        "format": "float"
                    },
                    "shape": [
                        1,
                        1,
                        10,
                        1
                    ]
                },
                "rom_size": 5160
            },
            "id": 3,
            "inputs": [
                "nl_2_nl"
            ],
            "name": "dense_3",
            "type": "Dense"
        },
        {
            "extras": {
                "n_macc": 150,
                "n_params": 0,
                "psize": 0,
                "rom_output": {
                    "c_size": 40,
                    "fmt": {
                        "format": "float"
                    },
                    "shape": [
                        1,
                        1,
                        10,
                        1
                    ]
                },
                "rom_size": 0
            },
            "id": 4,
            "inputs": [
                "dense_3"
            ],
            "name": "nl_4",
            "type": "Nonlinearity"
        }
    ],
    "model_files": [
        "C:\\Users\\User\\Documents\\UTM Master\\Study\\Sem1\\MKEL1123-ADVANCED MICROPROCESSOR SYSTEM\\Program\\Digit_recognition.tflite"
    ],
    "model_n_params": 118282,
    "model_name": "Digit_recognition",
    "model_size": 473128,
    "model_type": "tflite",
    "name": "digit_recognition_model",
    "outputs": [
        "nl_4"
    ],
    "ram_io_size": [
        3136,
        40
    ],
    "ram_size": [
        1024,
        1024
    ],
    "report_version": 1.1,
    "rom_cfact": 1.0,
    "rom_heap_inspector": 2048,
    "rom_inputs": [
        {
            "c_size": 3136,
            "c_type": "float",
            "name": "flatten_input"
        }
    ],
    "rom_n_macc": 118688,
    "rom_outputs": [
        {
            "c_size": 40,
            "c_type": "float",
            "name": "nl_4"
        }
    ],
    "rom_size": 473128,
    "strategy": "heap_overlay_pool",
    "tools_api_version": {
        "major": 1,
        "micro": 1,
        "minor": 4
    },
    "tools_version": {
        "extra": "RC6",
        "major": 6,
        "micro": 0,
        "minor": 0
    },
    "val_error": -1.0,
    "val_error_desc": "None (None) #0",
    "val_metrics": []
}